Country,Year,UrbPop
Argentina,1990,86.984
Argentina,1991,87.328
Argentina,1992,87.542
Argentina,1993,87.752
Argentina,1994,87.96
Argentina,1995,88.164
Argentina,1996,88.366
Argentina,1997,88.564
Argentina,1998,88.759
Argentina,1999,88.952
Argentina,2000,89.142
Argentina,2001,89.329
Argentina,2002,89.51
Argentina,2003,89.686
Argentina,2004,89.86
Argentina,2005,90.031
Argentina,2006,90.2
Argentina,2007,90.366
Argentina,2008,90.53
Argentina,2009,90.691
Argentina,2010,90.849
Argentina,2011,90.99
Argentina,2012,91.121
Argentina,2013,91.249
Argentina,2014,91.377
Argentina,2015,91.503
Argentina,2016,91.627
Argentina,2017,91.749
Argentina,2018,91.87
Argentina,2019,91.991
Argentina,2020,92.111
Argentina,2021,92.229
Bolivia,1990,55.577
Bolivia,1991,56.579
Bolivia,1992,57.541
Bolivia,1993,58.079
Bolivia,1994,58.615
Bolivia,1995,59.15
Bolivia,1996,59.682
Bolivia,1997,60.212
Bolivia,1998,60.739
Bolivia,1999,61.264
Bolivia,2000,61.787
Bolivia,2001,62.306
Bolivia,2002,62.783
Bolivia,2003,63.248
Bolivia,2004,63.711
Bolivia,2005,64.17
Bolivia,2006,64.628
Bolivia,2007,65.082
Bolivia,2008,65.535
Bolivia,2009,65.984
Bolivia,2010,66.43
Bolivia,2011,66.874
Bolivia,2012,67.315
Bolivia,2013,67.699
Bolivia,2014,68.047
Bolivia,2015,68.393
Bolivia,2016,68.738
Bolivia,2017,69.08
Bolivia,2018,69.425
Bolivia,2019,69.773
Bolivia,2020,70.123
Bolivia,2021,70.475
Brazil,1990,73.922
Brazil,1991,74.69
Brazil,1992,75.444
Brazil,1993,76.181
Brazil,1994,76.903
Brazil,1995,77.61
Brazil,1996,78.302
Brazil,1997,79.048
Brazil,1998,79.781
Brazil,1999,80.496
Brazil,2000,81.192
Brazil,2001,81.553
Brazil,2002,81.88
Brazil,2003,82.203
Brazil,2004,82.521
Brazil,2005,82.834
Brazil,2006,83.143
Brazil,2007,83.448
Brazil,2008,83.749
Brazil,2009,84.044
Brazil,2010,84.335
Brazil,2011,84.631
Brazil,2012,84.923
Brazil,2013,85.209
Brazil,2014,85.492
Brazil,2015,85.77
Brazil,2016,86.042
Brazil,2017,86.309
Brazil,2018,86.569
Brazil,2019,86.824
Brazil,2020,87.073
Brazil,2021,87.317
Chile,1990,83.271
Chile,1991,83.398
Chile,1992,83.564
Chile,1993,83.896
Chile,1994,84.223
Chile,1995,84.545
Chile,1996,84.861
Chile,1997,85.172
Chile,1998,85.477
Chile,1999,85.778
Chile,2000,86.073
Chile,2001,86.363
Chile,2002,86.606
Chile,2003,86.665
Chile,2004,86.725
Chile,2005,86.783
Chile,2006,86.842
Chile,2007,86.9
Chile,2008,86.959
Chile,2009,87.017
Chile,2010,87.074
Chile,2011,87.132
Chile,2012,87.189
Chile,2013,87.246
Chile,2014,87.303
Chile,2015,87.36
Chile,2016,87.422
Chile,2017,87.49
Chile,2018,87.564
Chile,2019,87.643
Chile,2020,87.727
Chile,2021,87.817
Colombia,1990,69.481
Colombia,1991,69.949
Colombia,1992,70.415
Colombia,1993,70.874
Colombia,1994,71.328
Colombia,1995,71.777
Colombia,1996,72.223
Colombia,1997,72.662
Colombia,1998,73.098
Colombia,1999,73.53
Colombia,2000,73.957
Colombia,2001,74.379
Colombia,2002,74.797
Colombia,2003,75.211
Colombia,2004,75.62
Colombia,2005,76.024
Colombia,2006,76.423
Colombia,2007,76.816
Colombia,2008,77.204
Colombia,2009,77.587
Colombia,2010,77.964
Colombia,2011,78.335
Colombia,2012,78.701
Colombia,2013,79.061
Colombia,2014,79.415
Colombia,2015,79.764
Colombia,2016,80.108
Colombia,2017,80.446
Colombia,2018,80.778
Colombia,2019,81.104
Colombia,2020,81.425
Colombia,2021,81.74
Costa Rica,1990,50.003
Costa Rica,1991,50.917
Costa Rica,1992,51.832
Costa Rica,1993,52.743
Costa Rica,1994,53.653
Costa Rica,1995,54.561
Costa Rica,1996,55.467
Costa Rica,1997,56.367
Costa Rica,1998,57.264
Costa Rica,1999,58.157
Costa Rica,2000,59.052
Costa Rica,2001,60.41
Costa Rica,2002,61.753
Costa Rica,2003,63.08
Costa Rica,2004,64.388
Costa Rica,2005,65.672
Costa Rica,2006,66.935
Costa Rica,2007,68.174
Costa Rica,2008,69.39
Costa Rica,2009,70.575
Costa Rica,2010,71.736
Costa Rica,2011,72.868
Costa Rica,2012,73.946
Costa Rica,2013,74.97
Costa Rica,2014,75.941
Costa Rica,2015,76.862
Costa Rica,2016,77.735
Costa Rica,2017,78.56
Costa Rica,2018,79.34
Costa Rica,2019,80.076
Costa Rica,2020,80.771
Costa Rica,2021,81.425
Cuba,1990,73.364
Cuba,1991,73.676
Cuba,1992,73.827
Cuba,1993,73.977
Cuba,1994,74.127
Cuba,1995,74.277
Cuba,1996,74.426
Cuba,1997,74.618
Cuba,1998,74.855
Cuba,1999,75.089
Cuba,2000,75.323
Cuba,2001,75.555
Cuba,2002,75.785
Cuba,2003,75.947
Cuba,2004,76.041
Cuba,2005,76.134
Cuba,2006,76.227
Cuba,2007,76.32
Cuba,2008,76.413
Cuba,2009,76.505
Cuba,2010,76.597
Cuba,2011,76.689
Cuba,2012,76.781
Cuba,2013,76.827
Cuba,2014,76.861
Cuba,2015,76.896
Cuba,2016,76.93
Cuba,2017,76.977
Cuba,2018,77.037
Cuba,2019,77.109
Cuba,2020,77.194
Cuba,2021,77.292
Dominican Republic,1990,55.226
Dominican Republic,1991,55.497
Dominican Republic,1992,55.767
Dominican Republic,1993,56.037
Dominican Republic,1994,56.752
Dominican Republic,1995,57.598
Dominican Republic,1996,58.441
Dominican Republic,1997,59.276
Dominican Republic,1998,60.107
Dominican Republic,1999,60.933
Dominican Republic,2000,61.753
Dominican Republic,2001,62.565
Dominican Republic,2002,63.371
Dominican Republic,2003,64.605
Dominican Republic,2004,66.003
Dominican Republic,2005,67.37
Dominican Republic,2006,68.71
Dominican Republic,2007,70.02
Dominican Republic,2008,71.3
Dominican Republic,2009,72.542
Dominican Republic,2010,73.753
Dominican Republic,2011,74.827
Dominican Republic,2012,75.802
Dominican Republic,2013,76.749
Dominican Republic,2014,77.67
Dominican Republic,2015,78.566
Dominican Republic,2016,79.436
Dominican Republic,2017,80.277
Dominican Republic,2018,81.074
Dominican Republic,2019,81.828
Dominican Republic,2020,82.54
Dominican Republic,2021,83.213
Ecuador,1990,55.09
Ecuador,1991,55.709
Ecuador,1992,56.226
Ecuador,1993,56.74
Ecuador,1994,57.254
Ecuador,1995,57.766
Ecuador,1996,58.277
Ecuador,1997,58.785
Ecuador,1998,59.291
Ecuador,1999,59.796
Ecuador,2000,60.299
Ecuador,2001,60.799
Ecuador,2002,61.118
Ecuador,2003,61.316
Ecuador,2004,61.514
Ecuador,2005,61.711
Ecuador,2006,61.907
Ecuador,2007,62.104
Ecuador,2008,62.3
Ecuador,2009,62.495
Ecuador,2010,62.69
Ecuador,2011,62.851
Ecuador,2012,62.988
Ecuador,2013,63.125
Ecuador,2014,63.261
Ecuador,2015,63.398
Ecuador,2016,63.534
Ecuador,2017,63.67
Ecuador,2018,63.821
Ecuador,2019,63.986
Ecuador,2020,64.166
Ecuador,2021,64.361
El Salvador,1990,49.274
El Salvador,1991,49.794
El Salvador,1992,50.315
El Salvador,1993,51.417
El Salvador,1994,52.704
El Salvador,1995,53.988
El Salvador,1996,55.268
El Salvador,1997,56.537
El Salvador,1998,57.8
El Salvador,1999,58.357
El Salvador,2000,58.912
El Salvador,2001,59.464
El Salvador,2002,60.014
El Salvador,2003,60.561
El Salvador,2004,61.107
El Salvador,2005,61.648
El Salvador,2006,62.187
El Salvador,2007,62.774
El Salvador,2008,63.678
El Salvador,2009,64.57
El Salvador,2010,65.452
El Salvador,2011,66.325
El Salvador,2012,67.187
El Salvador,2013,68.036
El Salvador,2014,68.874
El Salvador,2015,69.7
El Salvador,2016,70.501
El Salvador,2017,71.275
El Salvador,2018,72.023
El Salvador,2019,72.746
El Salvador,2020,73.444
El Salvador,2021,74.118
Guatemala,1990,41.992
Guatemala,1991,42.323
Guatemala,1992,42.655
Guatemala,1993,42.987
Guatemala,1994,43.32
Guatemala,1995,43.654
Guatemala,1996,43.989
Guatemala,1997,44.323
Guatemala,1998,44.659
Guatemala,1999,44.995
Guatemala,2000,45.332
Guatemala,2001,45.668
Guatemala,2002,46.005
Guatemala,2003,46.318
Guatemala,2004,46.616
Guatemala,2005,46.913
Guatemala,2006,47.21
Guatemala,2007,47.508
Guatemala,2008,47.807
Guatemala,2009,48.104
Guatemala,2010,48.403
Guatemala,2011,48.701
Guatemala,2012,49
Guatemala,2013,49.311
Guatemala,2014,49.634
Guatemala,2015,49.971
Guatemala,2016,50.319
Guatemala,2017,50.68
Guatemala,2018,51.054
Guatemala,2019,51.439
Guatemala,2020,51.836
Guatemala,2021,52.245
Haiti,1990,28.51
Haiti,1991,29.641
Haiti,1992,30.8
Haiti,1993,31.39
Haiti,1994,31.987
Haiti,1995,32.59
Haiti,1996,33.2
Haiti,1997,33.792
Haiti,1998,34.389
Haiti,1999,34.992
Haiti,2000,35.6
Haiti,2001,37.251
Haiti,2002,38.935
Haiti,2003,40.645
Haiti,2004,41.679
Haiti,2005,42.638
Haiti,2006,43.604
Haiti,2007,44.574
Haiti,2008,45.551
Haiti,2009,46.528
Haiti,2010,47.509
Haiti,2011,48.492
Haiti,2012,49.477
Haiti,2013,50.46
Haiti,2014,51.444
Haiti,2015,52.427
Haiti,2016,53.396
Haiti,2017,54.346
Haiti,2018,55.278
Haiti,2019,56.192
Haiti,2020,57.088
Haiti,2021,57.964
Honduras,1990,40.46
Honduras,1991,40.953
Honduras,1992,41.448
Honduras,1993,41.943
Honduras,1994,42.441
Honduras,1995,42.941
Honduras,1996,43.442
Honduras,1997,43.944
Honduras,1998,44.447
Honduras,1999,44.952
Honduras,2000,45.458
Honduras,2001,45.964
Honduras,2002,46.61
Honduras,2003,47.267
Honduras,2004,47.927
Honduras,2005,48.585
Honduras,2006,49.245
Honduras,2007,49.905
Honduras,2008,50.566
Honduras,2009,51.225
Honduras,2010,51.885
Honduras,2011,52.543
Honduras,2012,53.202
Honduras,2013,53.858
Honduras,2014,54.514
Honduras,2015,55.165
Honduras,2016,55.813
Honduras,2017,56.457
Honduras,2018,57.096
Honduras,2019,57.73
Honduras,2020,58.359
Honduras,2021,58.982
Mexico,1990,71.419
Mexico,1991,71.816
Mexico,1992,72.209
Mexico,1993,72.598
Mexico,1994,72.985
Mexico,1995,73.368
Mexico,1996,73.67
Mexico,1997,73.929
Mexico,1998,74.186
Mexico,1999,74.441
Mexico,2000,74.722
Mexico,2001,75.045
Mexico,2002,75.365
Mexico,2003,75.682
Mexico,2004,75.997
Mexico,2005,76.308
Mexico,2006,76.616
Mexico,2007,76.92
Mexico,2008,77.222
Mexico,2009,77.52
Mexico,2010,77.815
Mexico,2011,78.111
Mexico,2012,78.405
Mexico,2013,78.699
Mexico,2014,78.993
Mexico,2015,79.285
Mexico,2016,79.577
Mexico,2017,79.867
Mexico,2018,80.156
Mexico,2019,80.444
Mexico,2020,80.731
Mexico,2021,81.016
Nicaragua,1990,53.075
Nicaragua,1991,53.352
Nicaragua,1992,53.63
Nicaragua,1993,53.907
Nicaragua,1994,54.183
Nicaragua,1995,54.437
Nicaragua,1996,54.587
Nicaragua,1997,54.737
Nicaragua,1998,54.886
Nicaragua,1999,55.036
Nicaragua,2000,55.185
Nicaragua,2001,55.335
Nicaragua,2002,55.484
Nicaragua,2003,55.633
Nicaragua,2004,55.782
Nicaragua,2005,55.935
Nicaragua,2006,56.132
Nicaragua,2007,56.328
Nicaragua,2008,56.525
Nicaragua,2009,56.721
Nicaragua,2010,56.917
Nicaragua,2011,57.113
Nicaragua,2012,57.309
Nicaragua,2013,57.505
Nicaragua,2014,57.7
Nicaragua,2015,57.895
Nicaragua,2016,58.09
Nicaragua,2017,58.299
Nicaragua,2018,58.522
Nicaragua,2019,58.76
Nicaragua,2020,59.012
Nicaragua,2021,59.277
Panama,1990,53.903
Panama,1991,54.757
Panama,1992,55.609
Panama,1993,56.456
Panama,1994,57.301
Panama,1995,58.141
Panama,1996,58.978
Panama,1997,59.807
Panama,1998,60.632
Panama,1999,61.451
Panama,2000,62.198
Panama,2001,62.497
Panama,2002,62.794
Panama,2003,63.091
Panama,2004,63.387
Panama,2005,63.682
Panama,2006,63.976
Panama,2007,64.268
Panama,2008,64.56
Panama,2009,64.851
Panama,2010,65.14
Panama,2011,65.437
Panama,2012,65.741
Panama,2013,66.052
Panama,2014,66.371
Panama,2015,66.696
Panama,2016,67.027
Panama,2017,67.365
Panama,2018,67.709
Panama,2019,68.059
Panama,2020,68.414
Panama,2021,68.775
Paraguay,1990,48.694
Paraguay,1991,49.439
Paraguay,1992,50.186
Paraguay,1993,50.844
Paraguay,1994,51.488
Paraguay,1995,52.131
Paraguay,1996,52.774
Paraguay,1997,53.414
Paraguay,1998,54.054
Paraguay,1999,54.693
Paraguay,2000,55.331
Paraguay,2001,55.966
Paraguay,2002,56.6
Paraguay,2003,56.977
Paraguay,2004,57.305
Paraguay,2005,57.633
Paraguay,2006,57.96
Paraguay,2007,58.286
Paraguay,2008,58.612
Paraguay,2009,58.937
Paraguay,2010,59.261
Paraguay,2011,59.584
Paraguay,2012,59.907
Paraguay,2013,60.197
Paraguay,2014,60.474
Paraguay,2015,60.75
Paraguay,2016,61.026
Paraguay,2017,61.3
Paraguay,2018,61.585
Paraguay,2019,61.879
Paraguay,2020,62.183
Paraguay,2021,62.496
Puerto Rico,1990,92.942
Puerto Rico,1991,93.106
Puerto Rico,1992,93.267
Puerto Rico,1993,93.424
Puerto Rico,1994,93.578
Puerto Rico,1995,93.729
Puerto Rico,1996,93.876
Puerto Rico,1997,94.02
Puerto Rico,1998,94.161
Puerto Rico,1999,94.298
Puerto Rico,2000,94.387
Puerto Rico,2001,94.333
Puerto Rico,2002,94.278
Puerto Rico,2003,94.224
Puerto Rico,2004,94.168
Puerto Rico,2005,94.112
Puerto Rico,2006,94.056
Puerto Rico,2007,93.999
Puerto Rico,2008,93.942
Puerto Rico,2009,93.884
Puerto Rico,2010,93.825
Puerto Rico,2011,93.773
Puerto Rico,2012,93.726
Puerto Rico,2013,93.686
Puerto Rico,2014,93.651
Puerto Rico,2015,93.624
Puerto Rico,2016,93.602
Puerto Rico,2017,93.587
Puerto Rico,2018,93.578
Puerto Rico,2019,93.576
Puerto Rico,2020,93.581
Puerto Rico,2021,93.592
Uruguay,1990,88.973
Uruguay,1991,89.304
Uruguay,1992,89.627
Uruguay,1993,89.94
Uruguay,1994,90.245
Uruguay,1995,90.542
Uruguay,1996,90.835
Uruguay,1997,91.147
Uruguay,1998,91.45
Uruguay,1999,91.743
Uruguay,2000,92.028
Uruguay,2001,92.303
Uruguay,2002,92.569
Uruguay,2003,92.828
Uruguay,2004,93.078
Uruguay,2005,93.319
Uruguay,2006,93.553
Uruguay,2007,93.779
Uruguay,2008,93.998
Uruguay,2009,94.209
Uruguay,2010,94.414
Uruguay,2011,94.612
Uruguay,2012,94.739
Uruguay,2013,94.843
Uruguay,2014,94.945
Uruguay,2015,95.045
Uruguay,2016,95.144
Uruguay,2017,95.24
Uruguay,2018,95.334
Uruguay,2019,95.426
Uruguay,2020,95.515
Uruguay,2021,95.603
"Venezuela, RB",1990,84.284
"Venezuela, RB",1991,84.664
"Venezuela, RB",1992,85.012
"Venezuela, RB",1993,85.352
"Venezuela, RB",1994,85.686
"Venezuela, RB",1995,86.014
"Venezuela, RB",1996,86.336
"Venezuela, RB",1997,86.65
"Venezuela, RB",1998,86.959
"Venezuela, RB",1999,87.262
"Venezuela, RB",2000,87.559
"Venezuela, RB",2001,87.85
"Venezuela, RB",2002,87.876
"Venezuela, RB",2003,87.902
"Venezuela, RB",2004,87.928
"Venezuela, RB",2005,87.954
"Venezuela, RB",2006,87.98
"Venezuela, RB",2007,88.006
"Venezuela, RB",2008,88.031
"Venezuela, RB",2009,88.057
"Venezuela, RB",2010,88.083
"Venezuela, RB",2011,88.108
"Venezuela, RB",2012,88.123
"Venezuela, RB",2013,88.133
"Venezuela, RB",2014,88.144
"Venezuela, RB",2015,88.154
"Venezuela, RB",2016,88.165
"Venezuela, RB",2017,88.183
"Venezuela, RB",2018,88.208
"Venezuela, RB",2019,88.24
"Venezuela, RB",2020,88.279
"Venezuela, RB",2021,88.325