Country,Year,Electricity,UrbPop
Argentina,1990,92.1548004,86.984
Argentina,1991,92.4921875,87.328
Argentina,1992,92.8294525,87.542
Argentina,1993,93.1660461,87.752
Argentina,1994,93.5012741,87.96
Argentina,1995,93.834465,88.164
Argentina,1996,94.1649399,88.366
Argentina,1997,94.492012,88.564
Argentina,1998,94.8150024,88.759
Argentina,1999,95.1331558,88.952
Argentina,2000,95.783287,89.142
Argentina,2001,95.5110626,89.329
Argentina,2002,96.2288666,89.51
Argentina,2003,96.4426346,89.686
Argentina,2004,96.6535034,89.86
Argentina,2005,96.8638458,90.031
Argentina,2006,97.0760574,90.2
Argentina,2007,97.2927933,90.366
Argentina,2008,97.5167542,90.53
Argentina,2009,97.7506561,90.691
Argentina,2010,98.8199997,90.849
Argentina,2011,99.0953522,90.99
Argentina,2012,99.2299805,91.121
Argentina,2013,99.3426743,91.249
Argentina,2014,100,91.377
Argentina,2015,99.6253891,91.503
Argentina,2016,99.8495789,91.627
Argentina,2017,100,91.749
Argentina,2018,99.9895782,91.87
Argentina,2019,100,91.991
Argentina,2020,100,92.111
Argentina,2021,100,92.229
Bolivia,1990,,55.577
Bolivia,1991,,56.579
Bolivia,1992,60.0279007,57.541
Bolivia,1993,61.3840294,58.079
Bolivia,1994,64.1,58.615
Bolivia,1995,64.0915298,59.15
Bolivia,1996,71,59.682
Bolivia,1997,67.330431,60.212
Bolivia,1998,71.2,60.739
Bolivia,1999,70.929888,61.264
Bolivia,2000,69.9630432,61.787
Bolivia,2001,69.2585373,62.306
Bolivia,2002,63.9968567,62.783
Bolivia,2003,72.3000031,63.248
Bolivia,2004,75.9453049,63.711
Bolivia,2005,68.288208,64.17
Bolivia,2006,76.2112808,64.628
Bolivia,2007,80.1565704,65.082
Bolivia,2008,84.6749878,65.535
Bolivia,2009,86.7655945,65.984
Bolivia,2010,87.8863144,66.43
Bolivia,2011,88.3359451,66.874
Bolivia,2012,90.3873749,67.315
Bolivia,2013,89.5056839,67.699
Bolivia,2014,90.0387268,68.047
Bolivia,2015,91.5228195,68.393
Bolivia,2016,91.8000031,68.738
Bolivia,2017,91.8000031,69.08
Bolivia,2018,92.8000031,69.425
Bolivia,2019,95.0800018,69.773
Bolivia,2020,97.5541229,70.123
Bolivia,2021,97.5541229,70.475
Brazil,1990,87.475116,73.922
Brazil,1991,90.6065445,74.69
Brazil,1992,88.803833,75.444
Brazil,1993,89.999927,76.181
Brazil,1994,91.883728,76.903
Brazil,1995,91.728598,77.61
Brazil,1996,92.867095,78.302
Brazil,1997,93.354139,79.048
Brazil,1998,94.193812,79.781
Brazil,1999,94.76296,80.496
Brazil,2000,94.391716,81.192
Brazil,2001,96.0165253,81.553
Brazil,2002,96.6529922,81.88
Brazil,2003,96.9800949,82.203
Brazil,2004,96.7651062,82.521
Brazil,2005,97.0935135,82.834
Brazil,2006,97.5943146,83.143
Brazil,2007,98.1253815,83.448
Brazil,2008,98.5266266,83.749
Brazil,2009,98.8569412,84.044
Brazil,2010,98.5999985,84.335
Brazil,2011,99.3286896,84.631
Brazil,2012,99.5194931,84.923
Brazil,2013,99.5751495,85.209
Brazil,2014,99.6502457,85.492
Brazil,2015,99.7108994,85.77
Brazil,2016,99.6999969,86.042
Brazil,2017,99.8000031,86.309
Brazil,2018,99.6999969,86.569
Brazil,2019,99.8000031,86.824
Brazil,2020,100,87.073
Brazil,2021,100,87.317
Chile,1990,92.257427,83.271
Chile,1991,94.7816238,83.398
Chile,1992,94.560057,83.564
Chile,1993,95.2737274,83.896
Chile,1994,95.518074,84.223
Chile,1995,95.7603836,84.545
Chile,1996,95.617315,84.861
Chile,1997,96.2361679,85.172
Chile,1998,97.241124,85.477
Chile,1999,96.695549,85.778
Chile,2000,97.9386902,86.073
Chile,2001,97.1158066,86.363
Chile,2002,97.2836838,86.606
Chile,2003,98.7823257,86.665
Chile,2004,97.6060867,86.725
Chile,2005,97.7653122,86.783
Chile,2006,99.3681107,86.842
Chile,2007,98.0920181,86.9
Chile,2008,98.2648697,86.959
Chile,2009,99.5936584,87.017
Chile,2010,99.5383911,87.074
Chile,2011,99.5881958,87.132
Chile,2012,100,87.189
Chile,2013,99.5999985,87.246
Chile,2014,100,87.303
Chile,2015,99.7148438,87.36
Chile,2016,100,87.422
Chile,2017,99.6999969,87.49
Chile,2018,100,87.564
Chile,2019,100,87.643
Chile,2020,100,87.727
Chile,2021,100,87.817
Colombia,1990,89.9,69.481
Colombia,1991,91.8366547,69.949
Colombia,1992,92.1326599,70.415
Colombia,1993,92.4279938,70.874
Colombia,1994,92.721962,71.328
Colombia,1995,91.2,71.777
Colombia,1996,93.3031006,72.223
Colombia,1997,93.588913,72.662
Colombia,1998,93.8706436,73.098
Colombia,1999,94.1475296,73.53
Colombia,2000,95.1999969,73.957
Colombia,2001,98.4700012,74.379
Colombia,2002,94.9055023,74.797
Colombia,2003,95.1293488,75.211
Colombia,2004,95.3503113,75.62
Colombia,2005,96.8000031,76.024
Colombia,2006,95.7930298,76.423
Colombia,2007,96.0198441,76.816
Colombia,2008,96.8067627,77.204
Colombia,2009,96.0572281,77.587
Colombia,2010,96.7889938,77.964
Colombia,2011,96.6936035,78.335
Colombia,2012,97.0321732,78.701
Colombia,2013,97.7794189,79.061
Colombia,2014,97.7909393,79.415
Colombia,2015,98.1868973,79.764
Colombia,2016,98.4000015,80.108
Colombia,2017,98.5,80.446
Colombia,2018,98.5,80.778
Colombia,2019,99.7559204,81.104
Colombia,2020,100,81.425
Colombia,2021,100,81.74
Costa Rica,1990,,50.003
Costa Rica,1991,,50.917
Costa Rica,1992,,51.832
Costa Rica,1993,,52.743
Costa Rica,1994,,53.653
Costa Rica,1995,,54.561
Costa Rica,1996,,55.467
Costa Rica,1997,,56.367
Costa Rica,1998,,57.264
Costa Rica,1999,,58.157
Costa Rica,2000,96.9400024,59.052
Costa Rica,2001,98.2497787,60.41
Costa Rica,2002,98.5091858,61.753
Costa Rica,2003,98.6959,63.08
Costa Rica,2004,98.9547806,64.388
Costa Rica,2005,99.0530548,65.672
Costa Rica,2006,99.147522,66.935
Costa Rica,2007,99.2179947,68.174
Costa Rica,2008,99.2639389,69.39
Costa Rica,2009,99.4098053,70.575
Costa Rica,2010,98.9957352,71.736
Costa Rica,2011,99.2323456,72.868
Costa Rica,2012,99.5032959,73.946
Costa Rica,2013,99.5635147,74.97
Costa Rica,2014,99.3592911,75.941
Costa Rica,2015,99.4098053,76.862
Costa Rica,2016,99.5,77.735
Costa Rica,2017,99.5999985,78.56
Costa Rica,2018,99.6999969,79.34
Costa Rica,2019,99.7099991,80.076
Costa Rica,2020,99.9000015,80.771
Costa Rica,2021,99.9000015,81.425
Cuba,1990,,73.364
Cuba,1991,,73.676
Cuba,1992,,73.827
Cuba,1993,,73.977
Cuba,1994,,74.127
Cuba,1995,,74.277
Cuba,1996,,74.426
Cuba,1997,,74.618
Cuba,1998,,74.855
Cuba,1999,,75.089
Cuba,2000,97,75.323
Cuba,2001,96.2262573,75.555
Cuba,2002,95.5,75.785
Cuba,2003,96.513031,75.947
Cuba,2004,96.6509094,76.041
Cuba,2005,96.7882538,76.134
Cuba,2006,96.927475,76.227
Cuba,2007,97.0712128,76.32
Cuba,2008,97.2221832,76.413
Cuba,2009,97.3830948,76.505
Cuba,2010,97.5566483,76.597
Cuba,2011,97.7455673,76.689
Cuba,2012,97.9525528,76.781
Cuba,2013,98.1793671,76.827
Cuba,2014,98.4239883,76.861
Cuba,2015,98.6834564,76.896
Cuba,2016,98.9547882,76.93
Cuba,2017,99.2350311,76.977
Cuba,2018,99.5212097,77.037
Cuba,2019,99.8000031,77.109
Cuba,2020,100,77.194
Cuba,2021,100,77.292
Dominican Republic,1990,,55.226
Dominican Republic,1991,78.2,55.497
Dominican Republic,1992,82.485405,55.767
Dominican Republic,1993,83.2554932,56.037
Dominican Republic,1994,84.0242233,56.752
Dominican Republic,1995,84.7909088,57.598
Dominican Republic,1996,85.5548782,58.441
Dominican Republic,1997,86.3154449,59.276
Dominican Republic,1998,87.0719376,60.107
Dominican Republic,1999,91,60.933
Dominican Republic,2000,88.7649307,61.753
Dominican Republic,2001,89.7913589,62.565
Dominican Republic,2002,89.7498169,63.371
Dominican Republic,2003,89.1738052,64.605
Dominican Republic,2004,90.3165665,66.003
Dominican Republic,2005,90.1412277,67.37
Dominican Republic,2006,90.1181488,68.71
Dominican Republic,2007,96.8763428,70.02
Dominican Republic,2008,97.5761948,71.3
Dominican Republic,2009,97.8577576,72.542
Dominican Republic,2010,98.1454163,73.753
Dominican Republic,2011,97.8988724,74.827
Dominican Republic,2012,97.8670502,75.802
Dominican Republic,2013,98.3858566,76.749
Dominican Republic,2014,98.4709778,77.67
Dominican Republic,2015,98.5603638,78.566
Dominican Republic,2016,98.9000015,79.436
Dominican Republic,2017,100,80.277
Dominican Republic,2018,98.9000015,81.074
Dominican Republic,2019,99,81.828
Dominican Republic,2020,100,82.54
Dominican Republic,2021,100,83.213
Ecuador,1990,,55.09
Ecuador,1991,,55.709
Ecuador,1992,,56.226
Ecuador,1993,,56.74
Ecuador,1994,,57.254
Ecuador,1995,89.830167,57.766
Ecuador,1996,92.0513763,58.277
Ecuador,1997,92.4298172,58.785
Ecuador,1998,92.726642,59.291
Ecuador,1999,93.071434,59.796
Ecuador,2000,93.7322617,60.299
Ecuador,2001,94.0246201,60.799
Ecuador,2002,94.3093872,61.118
Ecuador,2003,94.9730453,61.316
Ecuador,2004,94.8655701,61.514
Ecuador,2005,95.8326492,61.711
Ecuador,2006,96.3152618,61.907
Ecuador,2007,96.8126144,62.104
Ecuador,2008,97.2065735,62.3
Ecuador,2009,96.4708633,62.495
Ecuador,2010,97.4621429,62.69
Ecuador,2011,96.8726959,62.851
Ecuador,2012,97.194931,62.988
Ecuador,2013,98.0346756,63.125
Ecuador,2014,98.9760666,63.261
Ecuador,2015,98.825882,63.398
Ecuador,2016,98.6999969,63.534
Ecuador,2017,99.1999969,63.67
Ecuador,2018,98.6999969,63.821
Ecuador,2019,99.0899963,63.986
Ecuador,2020,98.8499985,64.166
Ecuador,2021,98.8499985,64.361
El Salvador,1990,,49.274
El Salvador,1991,69.60788,49.794
El Salvador,1992,75.3321915,50.315
El Salvador,1993,76.2761383,51.417
El Salvador,1994,77.2187195,52.704
El Salvador,1995,76.995504,53.988
El Salvador,1996,77.883,55.268
El Salvador,1997,80.031517,56.537
El Salvador,1998,81.637983,57.8
El Salvador,1999,79.129592,58.357
El Salvador,2000,84.519249,58.912
El Salvador,2001,87.0638275,59.464
El Salvador,2002,87.549057,60.014
El Salvador,2003,86.9611511,60.561
El Salvador,2004,87.357048,61.107
El Salvador,2005,87.5258408,61.648
El Salvador,2006,89.2014694,62.187
El Salvador,2007,91.1095581,62.774
El Salvador,2008,91.0002289,63.678
El Salvador,2009,91.0840225,64.57
El Salvador,2010,91.5802383,65.452
El Salvador,2011,92.5746841,66.325
El Salvador,2012,93.6805725,67.187
El Salvador,2013,95.0431061,68.036
El Salvador,2014,95.1254196,68.874
El Salvador,2015,95.4000015,69.7
El Salvador,2016,96,70.501
El Salvador,2017,96.8000031,71.275
El Salvador,2018,97,72.023
El Salvador,2019,97.3600006,72.746
El Salvador,2020,100,73.444
El Salvador,2021,100,74.118
Guatemala,1990,,41.992
Guatemala,1991,,42.323
Guatemala,1992,,42.655
Guatemala,1993,,42.987
Guatemala,1994,,43.32
Guatemala,1995,60.8,43.654
Guatemala,1996,67.6799393,43.989
Guatemala,1997,68.9040756,44.323
Guatemala,1998,70.1241302,44.659
Guatemala,1999,70.9,44.995
Guatemala,2000,73.3182068,45.332
Guatemala,2001,73.7327271,45.668
Guatemala,2002,78.6678391,46.005
Guatemala,2003,78.512207,46.318
Guatemala,2004,77.228241,46.616
Guatemala,2005,78.3892059,46.913
Guatemala,2006,83.7309952,47.21
Guatemala,2007,80.7194061,47.508
Guatemala,2008,81.8939972,47.807
Guatemala,2009,83.0785294,48.104
Guatemala,2010,84.2757111,48.403
Guatemala,2011,84.026413,48.701
Guatemala,2012,86.7188568,49
Guatemala,2013,87.9692917,49.311
Guatemala,2014,85.4943695,49.634
Guatemala,2015,90.5206223,49.971
Guatemala,2016,91.8155823,50.319
Guatemala,2017,93.3000031,50.68
Guatemala,2018,94.4292374,51.054
Guatemala,2019,95.7420044,51.439
Guatemala,2020,97.0552673,51.836
Guatemala,2021,97.0552673,52.245
Haiti,1990,31.3,28.51
Haiti,1991,,29.641
Haiti,1992,,30.8
Haiti,1993,,31.39
Haiti,1994,,31.987
Haiti,1995,,32.59
Haiti,1996,31.3,33.2
Haiti,1997,30.0130177,33.792
Haiti,1998,30.5570374,34.389
Haiti,1999,31.0969753,34.992
Haiti,2000,31.6320724,35.6
Haiti,2001,33.7000008,37.251
Haiti,2002,31.5423813,38.935
Haiti,2003,33.1524734,40.645
Haiti,2004,31.6000004,41.679
Haiti,2005,34.1108131,42.638
Haiti,2006,34.5880051,43.604
Haiti,2007,33.9000015,44.574
Haiti,2008,35.5506516,45.551
Haiti,2009,36.0414658,46.528
Haiti,2010,36.5422211,47.509
Haiti,2011,37.0556221,48.492
Haiti,2012,37.5843849,49.477
Haiti,2013,37.9000015,50.46
Haiti,2014,38.697876,51.444
Haiti,2015,39.4964104,52.427
Haiti,2016,40.8362846,53.396
Haiti,2017,40.4000015,54.346
Haiti,2018,43.7492714,55.278
Haiti,2019,44.9623451,56.192
Haiti,2020,45.9902344,57.088
Haiti,2021,46.9255333,57.964
Honduras,1990,46.9255333,40.46
Honduras,1991,,40.953
Honduras,1992,54.781937,41.448
Honduras,1993,58.913112,41.943
Honduras,1994,61.100156,42.441
Honduras,1995,64.733947,42.941
Honduras,1996,66.122022,43.442
Honduras,1997,61.68112,43.944
Honduras,1998,64.794754,44.447
Honduras,1999,66.859519,44.952
Honduras,2000,67.394103,45.458
Honduras,2001,67.3833542,45.964
Honduras,2002,64.1999969,46.61
Honduras,2003,63.1411362,47.267
Honduras,2004,65.0904617,47.927
Honduras,2005,67.1135254,48.585
Honduras,2006,68.9033127,49.245
Honduras,2007,71.266449,49.905
Honduras,2008,73.5481873,50.566
Honduras,2009,76.3968964,51.225
Honduras,2010,78.2696838,51.885
Honduras,2011,80.9846649,52.543
Honduras,2012,82.1952972,53.202
Honduras,2013,83.6077271,53.858
Honduras,2014,87.1848831,54.514
Honduras,2015,88.6537704,55.165
Honduras,2016,89.9817123,55.813
Honduras,2017,91.5999985,56.457
Honduras,2018,86.5,57.096
Honduras,2019,91.5999985,57.73
Honduras,2020,91.0999985,58.359
Honduras,2021,93.2067108,58.982
Mexico,1990,,71.419
Mexico,1991,,71.816
Mexico,1992,93.145981,72.209
Mexico,1993,95.4484634,72.598
Mexico,1994,95.238294,72.985
Mexico,1995,95.8944626,73.368
Mexico,1996,96.093624,73.67
Mexico,1997,96.3295822,73.929
Mexico,1998,96.092755,74.186
Mexico,1999,96.7482986,74.441
Mexico,2000,98.0071335,74.722
Mexico,2001,97.1383209,75.045
Mexico,2002,97.8970871,75.365
Mexico,2003,97.400856,75.682
Mexico,2004,98.597702,75.997
Mexico,2005,98.9327316,76.308
Mexico,2006,99.1141586,76.616
Mexico,2007,97.9105682,76.92
Mexico,2008,98.9140396,77.222
Mexico,2009,98.1982117,77.52
Mexico,2010,99.2366943,77.815
Mexico,2011,99.0281525,78.111
Mexico,2012,99.1116333,78.405
Mexico,2013,99.1476974,78.699
Mexico,2014,99.1729279,78.993
Mexico,2015,99,79.285
Mexico,2016,99.5,79.577
Mexico,2017,100,79.867
Mexico,2018,99.5,80.156
Mexico,2019,99.5999985,80.444
Mexico,2020,99.4000015,80.731
Mexico,2021,99.4000015,81.016
Nicaragua,1990,,53.075
Nicaragua,1991,,53.352
Nicaragua,1992,72.064174,53.63
Nicaragua,1993,69.25383,53.907
Nicaragua,1994,69.8499069,54.183
Nicaragua,1995,70.4432602,54.437
Nicaragua,1996,71.0332108,54.587
Nicaragua,1997,69.047103,54.737
Nicaragua,1998,72.2001266,54.886
Nicaragua,1999,72.7815704,55.036
Nicaragua,2000,72.2215805,55.185
Nicaragua,2001,73.8582916,55.335
Nicaragua,2002,74.3876266,55.484
Nicaragua,2003,74.9140778,55.633
Nicaragua,2004,73.8218155,55.782
Nicaragua,2005,75.9677734,55.935
Nicaragua,2006,76.5000763,56.132
Nicaragua,2007,77.0396118,56.328
Nicaragua,2008,77.9163132,56.525
Nicaragua,2009,78.1512146,56.721
Nicaragua,2010,78.7286987,56.917
Nicaragua,2011,79.6391602,57.113
Nicaragua,2012,80.8234406,57.309
Nicaragua,2013,81.8530731,57.505
Nicaragua,2014,83.2493286,57.7
Nicaragua,2015,84.6401138,57.895
Nicaragua,2016,85.9898376,58.09
Nicaragua,2017,87.1166763,58.299
Nicaragua,2018,88.0583267,58.522
Nicaragua,2019,88.9073792,58.76
Nicaragua,2020,88.9073792,59.012
Nicaragua,2021,88.9073792,59.277
Panama,1990,70.19,53.903
Panama,1991,73.4431305,54.757
Panama,1992,74.2556381,55.609
Panama,1993,75.0674591,56.456
Panama,1994,75.8779221,57.301
Panama,1995,76.6863403,58.141
Panama,1996,77.4920425,58.978
Panama,1997,78.2943497,59.807
Panama,1998,79.0925751,60.632
Panama,1999,79.8859558,61.451
Panama,2000,81.401413,62.198
Panama,2001,81.4562531,62.497
Panama,2002,82.2009201,62.794
Panama,2003,87.8000031,63.091
Panama,2004,83.6769028,63.387
Panama,2005,84.4129105,63.682
Panama,2006,85.150795,63.976
Panama,2007,85.8931961,64.268
Panama,2008,86.6428375,64.56
Panama,2009,87.4024124,64.851
Panama,2010,86.8499985,65.14
Panama,2011,88.9622192,65.437
Panama,2012,89.767868,65.741
Panama,2013,89.0999985,66.052
Panama,2014,91.4366379,66.371
Panama,2015,92.2947693,66.696
Panama,2016,93.164772,67.027
Panama,2017,93.6999969,67.365
Panama,2018,94.9285202,67.709
Panama,2019,95.81633,68.059
Panama,2020,96.7046356,68.414
Panama,2021,96.7046356,68.775
Paraguay,1990,,48.694
Paraguay,1991,,49.439
Paraguay,1992,,50.186
Paraguay,1993,,50.844
Paraguay,1994,,51.488
Paraguay,1995,77.469114,52.131
Paraguay,1996,86.2600555,52.774
Paraguay,1997,86.412854,53.414
Paraguay,1998,87.7623672,54.054
Paraguay,1999,88.518177,54.693
Paraguay,2000,89.4211426,55.331
Paraguay,2001,91.0420685,55.966
Paraguay,2002,91.6664429,56.6
Paraguay,2003,92.5583954,56.977
Paraguay,2004,93.2498779,57.305
Paraguay,2005,94.6868896,57.633
Paraguay,2006,96.7490463,57.96
Paraguay,2007,96.452774,58.286
Paraguay,2008,96.6778946,58.612
Paraguay,2009,96.8913345,58.937
Paraguay,2010,97.4308624,59.261
Paraguay,2011,98.236557,59.584
Paraguay,2012,97.8356171,59.907
Paraguay,2013,99.0158844,60.197
Paraguay,2014,99.0007172,60.474
Paraguay,2015,99.3315353,60.75
Paraguay,2016,98.4000015,61.026
Paraguay,2017,99.3000031,61.3
Paraguay,2018,99.5999985,61.585
Paraguay,2019,99.6999969,61.879
Paraguay,2020,100,62.183
Paraguay,2021,100,62.496
Puerto Rico,1990,99.983429,92.942
Puerto Rico,1991,99.9930954,93.106
Puerto Rico,1992,99.9986191,93.267
Puerto Rico,1993,100,93.424
Puerto Rico,1994,100,93.578
Puerto Rico,1995,100,93.729
Puerto Rico,1996,100,93.876
Puerto Rico,1997,100,94.02
Puerto Rico,1998,100,94.161
Puerto Rico,1999,100,94.298
Puerto Rico,2000,100,94.387
Puerto Rico,2001,100,94.333
Puerto Rico,2002,100,94.278
Puerto Rico,2003,100,94.224
Puerto Rico,2004,100,94.168
Puerto Rico,2005,100,94.112
Puerto Rico,2006,100,94.056
Puerto Rico,2007,100,93.999
Puerto Rico,2008,100,93.942
Puerto Rico,2009,100,93.884
Puerto Rico,2010,100,93.825
Puerto Rico,2011,100,93.773
Puerto Rico,2012,100,93.726
Puerto Rico,2013,100,93.686
Puerto Rico,2014,100,93.651
Puerto Rico,2015,100,93.624
Puerto Rico,2016,100,93.602
Puerto Rico,2017,100,93.587
Puerto Rico,2018,100,93.578
Puerto Rico,2019,100,93.576
Puerto Rico,2020,100,93.581
Puerto Rico,2021,100,93.592
Uruguay,1990,,88.973
Uruguay,1991,,89.304
Uruguay,1992,96.182312,89.627
Uruguay,1993,96.36306,89.94
Uruguay,1994,96.54245,90.245
Uruguay,1995,96.7197952,90.542
Uruguay,1996,95.9,90.835
Uruguay,1997,97.0656509,91.147
Uruguay,1998,97.2328033,91.45
Uruguay,1999,97.3951111,91.743
Uruguay,2000,97.6768646,92.028
Uruguay,2001,97.7853928,92.303
Uruguay,2002,97.8863297,92.569
Uruguay,2003,97.9820404,92.828
Uruguay,2004,98.0748596,93.078
Uruguay,2005,98.1671448,93.319
Uruguay,2006,98.5054245,93.553
Uruguay,2007,98.6926346,93.779
Uruguay,2008,98.7843552,93.998
Uruguay,2009,99.0999985,94.209
Uruguay,2010,99.3000031,94.414
Uruguay,2011,99.1699982,94.612
Uruguay,2012,99.5999985,94.739
Uruguay,2013,99.6118088,94.843
Uruguay,2014,99.6570816,94.945
Uruguay,2015,99.7094803,95.045
Uruguay,2016,99.6999969,95.144
Uruguay,2017,99.8000031,95.24
Uruguay,2018,99.8000031,95.334
Uruguay,2019,99.9000015,95.426
Uruguay,2020,100,95.515
Uruguay,2021,100,95.603
"Venezuela, RB",1990,,84.284
"Venezuela, RB",1991,,84.664
"Venezuela, RB",1992,97.820203,85.012
"Venezuela, RB",1993,98.2395325,85.352
"Venezuela, RB",1994,98.3233337,85.686
"Venezuela, RB",1995,99,86.014
"Venezuela, RB",1996,98.4841309,86.336
"Venezuela, RB",1997,98.7,86.65
"Venezuela, RB",1998,98.4,86.959
"Venezuela, RB",1999,98.9,87.262
"Venezuela, RB",2000,98.9000015,87.559
"Venezuela, RB",2001,99.9000015,87.85
"Venezuela, RB",2002,99.8000031,87.876
"Venezuela, RB",2003,95.6999969,87.902
"Venezuela, RB",2004,99.0999985,87.928
"Venezuela, RB",2005,98.856163,87.954
"Venezuela, RB",2006,99.3000031,87.98
"Venezuela, RB",2007,98.888176,88.006
"Venezuela, RB",2008,98.9136734,88.031
"Venezuela, RB",2009,98.9491043,88.057
"Venezuela, RB",2010,99.0549469,88.083
"Venezuela, RB",2011,98.8399963,88.108
"Venezuela, RB",2012,99.2080765,88.123
"Venezuela, RB",2013,99.2572174,88.133
"Venezuela, RB",2014,100,88.144
"Venezuela, RB",2015,100,88.154
"Venezuela, RB",2016,99.4000015,88.165
"Venezuela, RB",2017,99.1999969,88.183
"Venezuela, RB",2018,99.9112015,88.208
"Venezuela, RB",2019,99.9768143,88.24
"Venezuela, RB",2020,100,88.279
"Venezuela, RB",2021,100,88.325